{
  "__type__": "cc.Skeleton",
  "_name": "Skin-0",
  "_objFlags": 0,
  "_native": "",
  "_joints": [
    "RootNode/Bone_root01/Bone_root02/Bip001/Bip001 Pelvis/Bip001 Spine/Bip001 L Thigh/Bip001 L Calf",
    "RootNode/Bone_root01/Bone_root02/Bip001/Bip001 Pelvis/Bip001 Spine/Bip001 L Thigh/Bip001 L Calf/Bip001 L Foot",
    "RootNode/Bone_root01/Bone_root02/Bip001/Bip001 Pelvis/Bip001 Spine/Bip001 R Thigh/Bip001 R Calf",
    "RootNode/Bone_root01/Bone_root02/Bip001/Bip001 Pelvis/Bip001 Spine/Bip001 L Thigh",
    "RootNode/Bone_root01/Bone_root02/Bip001/Bip001 Pelvis/Bip001 Spine/Bip001 R Thigh/Bip001 R Calf/Bip001 R Foot",
    "RootNode/Bone_root01/Bone_root02/Bip001/Bip001 Pelvis",
    "RootNode/Bone_root01/Bone_root02/Bip001/Bip001 Pelvis/Bip001 Spine/Bip001 Tail",
    "RootNode/Bone_root01/Bone_root02/Bip001/Bip001 Pelvis/Bip001 Spine/Bip001 R Thigh",
    "RootNode/Bone_root01/Bone_root02/Bip001/Bip001 Xtra01"
  ],
  "_bindposes": [
    {
      "__type__": "cc.Mat4",
      "m00": 0.0956193134188652,
      "m01": 0.12148821353912354,
      "m02": -0.9879764914512634,
      "m03": 0,
      "m04": 0.1907804310321808,
      "m05": -0.9763612151145935,
      "m06": -0.10159561783075333,
      "m07": 0,
      "m08": -0.97696453332901,
      "m09": -0.17877207696437836,
      "m10": -0.11653656512498856,
      "m11": 0,
      "m12": 0.2283516675233841,
      "m13": 0.0024087566416710615,
      "m14": 0.177979975938797,
      "m15": 1
    },
    {
      "__type__": "cc.Mat4",
      "m00": 6.123234262925839e-17,
      "m01": 0.07300728559494019,
      "m02": -0.997331440448761,
      "m03": 0,
      "m04": -6.123234262925839e-17,
      "m05": -0.9973315000534058,
      "m06": -0.07300727814435959,
      "m07": 0,
      "m08": -1.0000001192092896,
      "m09": 6.55393529648138e-17,
      "m10": -5.659853639474044e-17,
      "m11": 0,
      "m12": 0.06255123764276505,
      "m13": -0.00020025027333758771,
      "m14": 0.17194165289402008,
      "m15": 1
    },
    {
      "__type__": "cc.Mat4",
      "m00": -0.09562002122402191,
      "m01": -0.12148559093475342,
      "m02": -0.9879767894744873,
      "m03": 0,
      "m04": 0.1907801628112793,
      "m05": -0.9763615131378174,
      "m06": 0.10159292817115784,
      "m07": 0,
      "m08": -0.97696453332901,
      "m09": -0.17877204716205597,
      "m10": 0.11653675138950348,
      "m11": 0,
      "m12": 0.2283516228199005,
      "m13": 0.002408734057098627,
      "m14": -0.17798008024692535,
      "m15": 1
    },
    {
      "__type__": "cc.Mat4",
      "m00": 0.12344592064619064,
      "m01": 0.09307830780744553,
      "m02": -0.9879764914512634,
      "m03": 0,
      "m04": -0.0645860806107521,
      "m05": -0.9927271008491516,
      "m06": -0.10159577429294586,
      "m07": 0,
      "m08": -0.9902472496032715,
      "m09": 0.07635112851858139,
      "m10": -0.11653655022382736,
      "m11": 0,
      "m12": 0.5795593857765198,
      "m13": -0.0559200718998909,
      "m14": 0.1779799610376358,
      "m15": 1
    },
    {
      "__type__": "cc.Mat4",
      "m00": 6.123234262925839e-17,
      "m01": -0.07300453633069992,
      "m02": -0.9973316788673401,
      "m03": 0,
      "m04": -6.123234262925839e-17,
      "m05": -0.9973317384719849,
      "m06": 0.07300453633069992,
      "m07": 0,
      "m08": -1.0000001192092896,
      "m09": 5.659871506575275e-17,
      "m10": -6.553918752869129e-17,
      "m11": 0,
      "m12": 0.06255123764276505,
      "m13": -0.00020025388221256435,
      "m14": -0.17194172739982605,
      "m15": 1
    },
    {
      "__type__": "cc.Mat4",
      "m00": 6.123234262925839e-17,
      "m01": 0.0000027577068522077752,
      "m02": 1,
      "m03": 0,
      "m04": 6.123234262925839e-17,
      "m05": -1,
      "m06": 0.0000027577068522077752,
      "m07": 0,
      "m08": 1,
      "m09": 6.123217719313588e-17,
      "m10": -6.12325146828258e-17,
      "m11": 0,
      "m12": -0.5989178419113159,
      "m13": 2.648342933841974e-10,
      "m14": -6.936622267421811e-16,
      "m15": 1
    },
    {
      "__type__": "cc.Mat4",
      "m00": -6.658632969447353e-7,
      "m01": -0.000003971937530877767,
      "m02": 1,
      "m03": 0,
      "m04": 0.485710084438324,
      "m05": 0.8741198778152466,
      "m06": 0.0000037953664104861673,
      "m07": 0,
      "m08": -0.874119758605957,
      "m09": 0.48571014404296875,
      "m10": 0.0000013471660622599302,
      "m11": 0,
      "m12": 0.46688932180404663,
      "m13": -0.384091317653656,
      "m14": -0.0000010653160416040919,
      "m15": 1
    },
    {
      "__type__": "cc.Mat4",
      "m00": -0.12344590574502945,
      "m01": -0.09307552874088287,
      "m02": -0.9879767894744873,
      "m03": 0,
      "m04": -0.06458642333745956,
      "m05": -0.9927273988723755,
      "m06": 0.1015930250287056,
      "m07": 0,
      "m08": -0.9902471899986267,
      "m09": 0.07635114341974258,
      "m10": 0.11653672903776169,
      "m11": 0,
      "m12": 0.579559326171875,
      "m13": -0.0559200756251812,
      "m14": -0.17798008024692535,
      "m15": 1
    },
    {
      "__type__": "cc.Mat4",
      "m00": 0.9325723052024841,
      "m01": -0.0007414949359372258,
      "m02": -0.3609827756881714,
      "m03": 0,
      "m04": -0.36098265647888184,
      "m05": 0.00028994044987484813,
      "m06": -0.932572603225708,
      "m07": 0,
      "m08": 0.0007961614173837006,
      "m09": 0.9999995827674866,
      "m10": 0.000002723630359469098,
      "m11": 0,
      "m12": -0.21356667578220367,
      "m13": -0.6220939755439758,
      "m14": -0.013519756495952606,
      "m15": 1
    }
  ],
  "_hash": 2649690273
}