{
  "__type__": "cc.Skeleton",
  "_name": "Skin-0",
  "_objFlags": 0,
  "_native": "",
  "_joints": [
    "RootNode/Bone_root01/Bone_root02/Bip001/Bip001 Pelvis/Bip001 Spine/Bip001 Spine1/Bip001 Neck/Bip001 Head",
    "RootNode/Bone_root01/Bone_root02/Bip001/Bip001 Pelvis/Bip001 Spine",
    "RootNode/Bone_root01/Bone_root02/Bip001/Bip001 Pelvis/Bip001 Spine/Bip001 Spine1"
  ],
  "_bindposes": [
    {
      "__type__": "cc.Mat4",
      "m00": 6.123234262925839e-17,
      "m01": -0.000001402693328600435,
      "m02": 1,
      "m03": 0,
      "m04": 6.123234262925839e-17,
      "m05": -1,
      "m06": -0.000001402693328600435,
      "m07": 0,
      "m08": 1,
      "m09": 6.12324286560421e-17,
      "m10": -6.123225660247469e-17,
      "m11": 0,
      "m12": -1.257301926612854,
      "m13": 0.026148954406380653,
      "m14": 7.252682365788132e-8,
      "m15": 1
    },
    {
      "__type__": "cc.Mat4",
      "m00": 6.123233601181349e-17,
      "m01": -0.0000014026924191057333,
      "m02": 1,
      "m03": 0,
      "m04": 6.123233601181349e-17,
      "m05": -1,
      "m06": -0.0000014026924191057333,
      "m07": 0,
      "m08": 1,
      "m09": 6.12324286560421e-17,
      "m10": -6.123225660247469e-17,
      "m11": 0,
      "m12": -0.7242138385772705,
      "m13": 0.00013746203330811113,
      "m14": 3.813076798753201e-10,
      "m15": 1
    },
    {
      "__type__": "cc.Mat4",
      "m00": -1.2453720898975007e-7,
      "m01": -0.000001408362095389748,
      "m02": 1,
      "m03": 0,
      "m04": 0.09084289520978928,
      "m05": -0.9958652257919312,
      "m06": -0.0000013912255099057802,
      "m07": 0,
      "m08": 0.9958652257919312,
      "m09": 0.09084290266036987,
      "m10": 2.519619783925009e-7,
      "m11": 0,
      "m12": -0.8931761980056763,
      "m13": -0.081263966858387,
      "m14": -2.2539379074260069e-7,
      "m15": 1
    }
  ],
  "_hash": 564829025
}