{
  "__type__": "cc.Skeleton",
  "_name": "Skin-0",
  "_objFlags": 0,
  "_native": "",
  "_joints": [
    "RootNode/Bone_root01/Bone_root02/Bip001/Bip001 Pelvis/Bip001 Spine/Bip001 Spine1/Bip001 Neck/Bip001 Head"
  ],
  "_bindposes": [
    {
      "__type__": "cc.Mat4",
      "m00": 6.123234262925839e-17,
      "m01": -0.000001402693328600435,
      "m02": 1,
      "m03": 0,
      "m04": 6.123234262925839e-17,
      "m05": -1,
      "m06": -0.000001402693328600435,
      "m07": 0,
      "m08": 1,
      "m09": 6.12324286560421e-17,
      "m10": -6.123225660247469e-17,
      "m11": 0,
      "m12": -1.257301926612854,
      "m13": 0.026148933917284012,
      "m14": 7.25267597090351e-8,
      "m15": 1
    }
  ],
  "_hash": 2366230889
}