{
  "__type__": "cc.Skeleton",
  "_name": "Skin-2",
  "_objFlags": 0,
  "_native": "",
  "_joints": [
    "RootNode/Bone_root01/Bone_root02/Bip001/Bip001 Pelvis/Bip001 Spine/Bip001 Tail/Bip001 Tail1",
    "RootNode/Bone_root01/Bone_root02/Bip001/Bip001 Pelvis/Bip001 Spine/Bip001 Tail/Bip001 Tail1/Bip001 Tail2",
    "RootNode/Bone_root01/Bone_root02/Bip001/Bip001 Pelvis/Bip001 Spine/Bip001 Tail/Bip001 Tail1/Bip001 Tail2/Bip001 Tail3",
    "RootNode/Bone_root01/Bone_root02/Bip001/Bip001 Pelvis",
    "RootNode/Bone_root01/Bone_root02/Bip001/Bip001 Pelvis/Bip001 Spine/Bip001 Tail",
    "RootNode/Bone_root01/Bone_root02/Bip001/Bip001 Pelvis/Bip001 Spine/Bip001 Spine1/Bip001 Neck/Bip001 R Clavicle/Bip001 R UpperArm",
    "RootNode/Bone_root01/Bone_root02/Bip001/Bip001 Pelvis/Bip001 Spine/Bip001 Spine1",
    "RootNode/Bone_root01/Bone_root02/Bip001/Bip001 Pelvis/Bip001 Spine",
    "RootNode/Bone_root01/Bone_root02/Bip001/Bip001 Pelvis/Bip001 Spine/Bip001 Spine1/Bip001 Neck/Bip001 R Clavicle",
    "RootNode/Bone_root01/Bone_root02/Bip001/Bip001 Pelvis/Bip001 Spine/Bip001 Spine1/Bip001 Neck",
    "RootNode/Bone_root01/Bone_root02/Bip001/Bip001 Pelvis/Bip001 Spine/Bip001 Spine1/Bip001 Neck/Bip001 L Clavicle",
    "RootNode/Bone_root01/Bone_root02/Bip001/Bip001 Pelvis/Bip001 Spine/Bip001 Spine1/Bip001 Neck/Bip001 L Clavicle/Bip001 L UpperArm",
    "RootNode/Bone_root01/Bone_root02/Bip001/Bip001 Pelvis/Bip001 Spine/Bip001 Spine1/Bip001 Neck/Bip001 Head",
    "RootNode/Bone_root01/Bone_root02/Bip001/Bip001 Pelvis/Bip001 Spine/Bip001 Spine1/Bip001 Neck/Bip001 L Clavicle/Bip001 L UpperArm/Bip001 L Forearm",
    "RootNode/Bone_root01/Bone_root02/Bip001/Bip001 Pelvis/Bip001 Spine/Bip001 Spine1/Bip001 Neck/Bip001 R Clavicle/Bip001 R UpperArm/Bip001 R Forearm",
    "RootNode/Bone_root01/Bone_root02/Bip001/Bip001 Xtra01",
    "RootNode/Bone_root01/Bone_root02/Bip001/Bip001 Pelvis/Bip001 Spine/Bip001 L Thigh",
    "RootNode/Bone_root01/Bone_root02/Bip001/Bip001 Pelvis/Bip001 Spine/Bip001 R Thigh"
  ],
  "_bindposes": [
    {
      "__type__": "cc.Mat4",
      "m00": -6.506609224743443e-7,
      "m01": -0.0000039802594073989894,
      "m02": 1,
      "m03": 0,
      "m04": 0.4746208190917969,
      "m05": 0.8801903128623962,
      "m06": 0.000003812203203779063,
      "m07": 0,
      "m08": -0.8801902532577515,
      "m09": 0.47462084889411926,
      "m10": 0.0000013164085430616979,
      "m11": 0,
      "m12": 0.20127442479133606,
      "m13": -0.38135072588920593,
      "m14": -0.0000010577145985735115,
      "m15": 1
    },
    {
      "__type__": "cc.Mat4",
      "m00": -6.770674758627138e-7,
      "m01": -0.000003965642918046797,
      "m02": 1,
      "m03": 0,
      "m04": 0.4938829243183136,
      "m05": 0.8695284128189087,
      "m06": 0.0000037826314382982673,
      "m07": 0,
      "m08": -0.8695283532142639,
      "m09": 0.4938829839229584,
      "m10": 0.0000013698340808332432,
      "m11": 0,
      "m12": -0.09181346744298935,
      "m13": -0.3792245388031006,
      "m14": -0.000001051817321240378,
      "m15": 1
    },
    {
      "__type__": "cc.Mat4",
      "m00": -7.271024173860496e-7,
      "m01": -0.000003935799668397522,
      "m02": 1,
      "m03": 0,
      "m04": 0.5303806662559509,
      "m05": 0.847759485244751,
      "m06": 0.000003722253268279019,
      "m07": 0,
      "m08": -0.847759485244751,
      "m09": 0.5303806662559509,
      "m10": 0.0000014710642517457018,
      "m11": 0,
      "m12": -0.3548680543899536,
      "m13": -0.36432620882987976,
      "m14": -0.0000010104952252731891,
      "m15": 1
    },
    {
      "__type__": "cc.Mat4",
      "m00": 6.123234262925839e-17,
      "m01": 0.0000027577068522077752,
      "m02": 1,
      "m03": 0,
      "m04": 6.123234262925839e-17,
      "m05": -1,
      "m06": 0.0000027577068522077752,
      "m07": 0,
      "m08": 1,
      "m09": 6.123217719313588e-17,
      "m10": -6.12325146828258e-17,
      "m11": 0,
      "m12": -0.5989178419113159,
      "m13": 2.648342933841974e-10,
      "m14": -6.936622267421811e-16,
      "m15": 1
    },
    {
      "__type__": "cc.Mat4",
      "m00": -6.658632969447353e-7,
      "m01": -0.000003971937530877767,
      "m02": 1,
      "m03": 0,
      "m04": 0.485710084438324,
      "m05": 0.8741198778152466,
      "m06": 0.0000037953664104861673,
      "m07": 0,
      "m08": -0.874119758605957,
      "m09": 0.48571014404296875,
      "m10": 0.0000013471660622599302,
      "m11": 0,
      "m12": 0.46688932180404663,
      "m13": -0.384091317653656,
      "m14": -0.0000010653160416040919,
      "m15": 1
    },
    {
      "__type__": "cc.Mat4",
      "m00": -0.4955372214317322,
      "m01": -0.004024111200124025,
      "m02": 0.8685774207115173,
      "m03": 0,
      "m04": 0.07943225651979446,
      "m05": 0.9955889582633972,
      "m06": 0.04992992803454399,
      "m07": 0,
      "m08": -0.8649469614028931,
      "m09": 0.09373519569635391,
      "m10": -0.4930318295955658,
      "m11": 0,
      "m12": 0.883568525314331,
      "m13": -0.12320596724748611,
      "m14": 0.6676010489463806,
      "m15": 1
    },
    {
      "__type__": "cc.Mat4",
      "m00": -1.245371521463312e-7,
      "m01": -0.0000014083619817029103,
      "m02": 1,
      "m03": 0,
      "m04": 0.09084285795688629,
      "m05": -0.9958652257919312,
      "m06": -0.0000013912253962189425,
      "m07": 0,
      "m08": 0.9958652257919312,
      "m09": 0.09084286540746689,
      "m10": 2.519618647056632e-7,
      "m11": 0,
      "m12": -0.8931761980056763,
      "m13": -0.0812639445066452,
      "m14": -2.2539367705576296e-7,
      "m15": 1
    },
    {
      "__type__": "cc.Mat4",
      "m00": 6.123233601181349e-17,
      "m01": -0.0000014026924191057333,
      "m02": 1,
      "m03": 0,
      "m04": 6.123233601181349e-17,
      "m05": -1,
      "m06": -0.0000014026924191057333,
      "m07": 0,
      "m08": 1,
      "m09": 6.12324286560421e-17,
      "m10": -6.123225660247469e-17,
      "m11": 0,
      "m12": -0.7242138385772705,
      "m13": 0.00013746203330811113,
      "m14": 3.813076798753201e-10,
      "m15": 1
    },
    {
      "__type__": "cc.Mat4",
      "m00": -0.894396185874939,
      "m01": -0.0000013414186241789139,
      "m02": 0.44727563858032227,
      "m03": 0,
      "m04": -0.040987685322761536,
      "m05": 0.9957926869392395,
      "m06": -0.08195816725492477,
      "m07": 0,
      "m08": -0.4453936815261841,
      "m09": -0.09163586050271988,
      "m10": -0.8906331658363342,
      "m11": 0,
      "m12": 0.492664635181427,
      "m13": 0.08218686282634735,
      "m14": 1.049407720565796,
      "m15": 1
    },
    {
      "__type__": "cc.Mat4",
      "m00": -2.45340956439577e-8,
      "m01": -0.0000014029129715709132,
      "m02": 1,
      "m03": 0,
      "m04": 0.01789621263742447,
      "m05": -0.9998399019241333,
      "m06": -0.0000014022492678122944,
      "m07": 0,
      "m08": 0.9998398423194885,
      "m09": 0.017896214500069618,
      "m10": 4.963699851145975e-8,
      "m11": 0,
      "m12": -1.1618480682373047,
      "m13": 0.00364380213432014,
      "m14": 1.0106451675540029e-8,
      "m15": 1
    },
    {
      "__type__": "cc.Mat4",
      "m00": 0.8943962454795837,
      "m01": -0.0000013874904425392742,
      "m02": 0.44727542996406555,
      "m03": 0,
      "m04": -0.04098523408174515,
      "m05": 0.9957926869392395,
      "m06": 0.08195938915014267,
      "m07": 0,
      "m08": -0.4453936815261841,
      "m09": -0.09163586050271988,
      "m10": 0.8906331658363342,
      "m11": 0,
      "m12": 0.492664635181427,
      "m13": 0.08218684792518616,
      "m14": -1.049407720565796,
      "m15": 1
    },
    {
      "__type__": "cc.Mat4",
      "m00": 0.4955369830131531,
      "m01": 0.00402138102799654,
      "m02": 0.8685775399208069,
      "m03": 0,
      "m04": 0.0794336125254631,
      "m05": 0.9955889582633972,
      "m06": -0.049927543848752975,
      "m07": 0,
      "m08": -0.8649469614028931,
      "m09": 0.09373519569635391,
      "m10": 0.4930317997932434,