{
  "__type__": "cc.Skeleton",
  "_name": "Skin-3",
  "_objFlags": 0,
  "_native": "",
  "_joints": [
    "RootNode/Bone_root01/Bone_root02/Bip001/Bip001 Pelvis/Bip001 Spine/Bip001 Tail",
    "RootNode/Bone_root01/Bone_root02/Bip001/Bip001 Pelvis",
    "RootNode/Bone_root01/Bone_root02/Bip001/Bip001 Pelvis/Bip001 Spine",
    "RootNode/Bone_root01/Bone_root02/Bip001/Bip001 Pelvis/Bip001 Spine/Bip001 L Thigh",
    "RootNode/Bone_root01/Bone_root02/Bip001/Bip001 Pelvis/Bip001 Spine/Bip001 R Thigh",
    "RootNode/Bone_root01/Bone_root02/Bip001/Bip001 Xtra01",
    "RootNode/Bone_root01/Bone_root02/Bip001/Bip001 Pelvis/Bip001 Spine/Bip001 L Thigh/Bip001 L Calf",
    "RootNode/Bone_root01/Bone_root02/Bip001/Bip001 Pelvis/Bip001 Spine/Bip001 L Thigh/Bip001 L Calf/Bip001 L Foot",
    "RootNode/Bone_root01/Bone_root02/Bip001/Bip001 Pelvis/Bip001 Spine/Bip001 L Thigh/Bip001 L Calf/Bip001 L Foot/Bip001 L Toe0",
    "RootNode/Bone_root01/Bone_root02/Bip001/Bip001 Pelvis/Bip001 Spine/Bip001 R Thigh/Bip001 R Calf",
    "RootNode/Bone_root01/Bone_root02/Bip001/Bip001 Pelvis/Bip001 Spine/Bip001 R Thigh/Bip001 R Calf/Bip001 R Foot",
    "RootNode/Bone_root01/Bone_root02/Bip001/Bip001 Pelvis/Bip001 Spine/Bip001 R Thigh/Bip001 R Calf/Bip001 R Foot/Bip001 R Toe0"
  ],
  "_bindposes": [
    {
      "__type__": "cc.Mat4",
      "m00": -6.658632969447353e-7,
      "m01": -0.000003971937530877767,
      "m02": 1,
      "m03": 0,
      "m04": 0.485710084438324,
      "m05": 0.8741198778152466,
      "m06": 0.0000037953664104861673,
      "m07": 0,
      "m08": -0.874119758605957,
      "m09": 0.48571014404296875,
      "m10": 0.0000013471660622599302,
      "m11": 0,
      "m12": 0.46688932180404663,
      "m13": -0.384091317653656,
      "m14": -0.0000010653160416040919,
      "m15": 1
    },
    {
      "__type__": "cc.Mat4",
      "m00": 6.123234262925839e-17,
      "m01": 0.0000027577068522077752,
      "m02": 1,
      "m03": 0,
      "m04": 6.123234262925839e-17,
      "m05": -1,
      "m06": 0.0000027577068522077752,
      "m07": 0,
      "m08": 1,
      "m09": 6.123217719313588e-17,
      "m10": -6.12325146828258e-17,
      "m11": 0,
      "m12": -0.5989178419113159,
      "m13": 2.648342933841974e-10,
      "m14": -6.936622267421811e-16,
      "m15": 1
    },
    {
      "__type__": "cc.Mat4",
      "m00": 6.123233601181349e-17,
      "m01": -0.0000014026924191057333,
      "m02": 1,
      "m03": 0,
      "m04": 6.123233601181349e-17,
      "m05": -1,
      "m06": -0.0000014026924191057333,
      "m07": 0,
      "m08": 1,
      "m09": 6.12324286560421e-17,
      "m10": -6.123225660247469e-17,
      "m11": 0,
      "m12": -0.7242138385772705,
      "m13": 0.00013746203330811113,
      "m14": 3.813076798753201e-10,
      "m15": 1
    },
    {
      "__type__": "cc.Mat4",
      "m00": 0.12344592064619064,
      "m01": 0.09307828545570374,
      "m02": -0.9879764318466187,
      "m03": 0,
      "m04": -0.0645860806107521,
      "m05": -0.9927269816398621,
      "m06": -0.10159575194120407,
      "m07": 0,
      "m08": -0.9902472496032715,
      "m09": 0.0763511136174202,
      "m10": -0.11653653532266617,
      "m11": 0,
      "m12": 0.5795593857765198,
      "m13": -0.055920060724020004,
      "m14": 0.1779799461364746,
      "m15": 1
    },
    {
      "__type__": "cc.Mat4",
      "m00": -0.12344590574502945,
      "m01": -0.09307549893856049,
      "m02": -0.9879767298698425,
      "m03": 0,
      "m04": -0.06458642333745956,
      "m05": -0.9927272796630859,
      "m06": 0.10159299522638321,
      "m07": 0,
      "m08": -0.9902471899986267,
      "m09": 0.07635112851858139,
      "m10": 0.11653672158718109,
      "m11": 0,
      "m12": 0.579559326171875,
      "m13": -0.0559200644493103,
      "m14": -0.17798005044460297,
      "m15": 1
    },
    {
      "__type__": "cc.Mat4",
      "m00": 0.9325721263885498,
      "m01": -0.000741494819521904,
      "m02": -0.3609827756881714,
      "m03": 0,
      "m04": -0.36098265647888184,
      "m05": 0.00028994044987484813,
      "m06": -0.9325724840164185,
      "m07": 0,
      "m08": 0.000796161184553057,
      "m09": 0.9999995827674866,
      "m10": 0.0000027236294499743963,
      "m11": 0,
      "m12": -0.21356666088104248,
      "m13": -0.6220939755439758,
      "m14": -0.013519739732146263,
      "m15": 1
    },
    {
      "__type__": "cc.Mat4",
      "m00": 0.0956193134188652,
      "m01": 0.12148821353912354,
      "m02": -0.9879764318466187,
      "m03": 0,
      "m04": 0.1907804310321808,
      "m05": -0.9763612151145935,
      "m06": -0.10159561038017273,
      "m07": 0,
      "m08": -0.97696453332901,
      "m09": -0.17877207696437836,
      "m10": -0.11653655767440796,
      "m11": 0,
      "m12": 0.2283516675233841,
      "m13": 0.002408756176009774,
      "m14": 0.1779799461364746,
      "m15": 1
    },
    {
      "__type__": "cc.Mat4",
      "m00": 6.123234262925839e-17,
      "m01": 0.07300728559494019,
      "m02": -0.997331440448761,
      "m03": 0,
      "m04": -6.123234262925839e-17,
      "m05": -0.997331440448761,
      "m06": -0.07300728559494019,
      "m07": 0,
      "m08": -1,
      "m09": 6.55393463473689e-17,
      "m10": -5.659853639474044e-17,
      "m11": 0,
      "m12": 0.06255123019218445,
      "m13": -0.0002002512919716537,
      "m14": 0.17194165289402008,
      "m15": 1
    },
    {
      "__type__": "cc.Mat4",
      "m00": 0.07300728559494019,
      "m01": 4.7310088291396823e-8,
      "m02": -0.997331440448761,
      "m03": 0,
      "m04": -0.997331440448761,
      "m05": -4.024816746550641e-8,
      "m06": -0.07300728559494019,
      "m07": 0,
      "m08": -4.359474559123555e-8,
      "m09": 1,
      "m10": 4.424543220693522e-8,
      "m11": 0,
      "m12": -0.08075837045907974,
      "m13": 0.0000446571757493075,
      "m14": 0.17194165289402008,
      "m15": 1
    },
    {
      "__type__": "cc.Mat4",
      "m00": -0.09562002122402191,
      "m01": -0.12148559093475342,
      "m02": -0.9879767298698425,
      "m03": 0,
      "m04": 0.1907801628112793,
      "m05": -0.9763615131378174,
      "m06": 0.10159292817115784,
      "m07": 0,
      "m08": -0.97696453332901,
      "m09": -0.17877204716205597,
      "m10": 0.11653672903776169,
      "m11": 0,
      "m12": 0.2283516228199005,
      "m13": 0.002408733358606696,
      "m14": -0.17798005044460297,
      "m15": 1
    },
    {
      "__type__": "cc.Mat4",
      "m00": 6.123234262925839e-17,
      "m01": -0.07300453633069992,
      "m02": -0.9973316788673401,
      "m03": 0,
      "m04": -6.123234262925839e-17,
      "m05": -0.9973316192626953,
      "m06": 0.07300453633069992,
      "m07": 0,
      "m08": -1,
      "m09": 5.659870844830785e-17,
      "m10": -6.553918752869129e-17,
      "m11": 0,
      "m12": 0.06255123019218445,
      "m13": -0.00020025491539854556,
      "m14": -0.17194172739982605,
      "m15": 1
    },
    {
      "__type__": "cc.Mat4",
      "m00": -0.07300453633069992,
      "m01": -5.1661512401324217e-8,
      "m02": -0.9973316788673401,
      "m03": 0,
      "m04": -0.9973316788673401,
      "m05": -9.969389225261693e-8,
      "m06": 0.07300453633069992,
      "m07": 0,
      "m08": -1.0319939747205353e-7,
      "m09": 1,
      "m10": -4.42455529992003e-8,
      "m11": 0,
      "m12": -0.08075837045907974,
      "m13": 0.00004465236634132452,
      "m14": -0.17194171249866486,
      "m15": 1
    }
  ],
  "_hash": 3866540723
}