{
  "current-scene": "69183dad-f1a0-4b21-8da4-ee96449fb3a2",
  "gizmos-infos": {
    "iconGizmoSize": 2,
    "isGridVisible": true,
    "isIconGizmo3D": false
  },
  "camera-infos": {
    "69183dad-f1a0-4b21-8da4-ee96449fb3a2": {
      "position": {
        "x": 334.63267000859923,
        "y": 334.6326700085992,
        "z": 334.6326700085991
      },
      "rotation": {
        "w": 0.8804762392171493,
        "x": -0.27984814233312133,
        "y": 0.3647051996310009,
        "z": 0.11591689595929514
      },
      "viewCenter": {
        "x": 0,
        "y": 0,
        "z": 0
      }
    },
    "f46876e4-e81b-4931-b493-6d367be385e7": {
      "position": {
        "x": 53.366445,
        "y": 53.366445,
        "z": 53.366445
      },
      "rotation": {
        "w": 0.8804762392171493,
        "x": -0.27984814233312133,
        "y": 0.3647051996310009,
        "z": 0.11591689595929514
      },
      "viewCenter": {
        "x": 0,
        "y": 0,
        "z": 0
      }
    }
  },
  "camera-uuids": [
    "69183dad-f1a0-4b21-8da4-ee96449fb3a2"
  ]
}
