{
  "__type__": "cc.Skeleton",
  "_name": "Skin-0",
  "_objFlags": 0,
  "_native": "",
  "_joints": [
    "RootNode/Bone_root01/Bone_root02/Bip001/Bip001 Pelvis/Bip001 Spine/Bip001 Spine1/Bip001 Neck/Bip001 R Clavicle/Bip001 R UpperArm",
    "RootNode/Bone_root01/Bone_root02/Bip001/Bip001 Pelvis/Bip001 Spine/Bip001 Spine1/Bip001 Neck/Bip001 R Clavicle/Bip001 R UpperArm/Bip001 R Forearm",
    "RootNode/Bone_root01/Bone_root02/Bip001/Bip001 Pelvis/Bip001 Spine/Bip001 Spine1/Bip001 Neck/Bip001 R Clavicle/Bip001 R UpperArm/Bip001 R Forearm/Bip001 R Hand/Bip001 R Finger0",
    "RootNode/Bone_root01/Bone_root02/Bip001/Bip001 Pelvis/Bip001 Spine/Bip001 Spine1/Bip001 Neck/Bip001 R Clavicle/Bip001 R UpperArm/Bip001 R Forearm/Bip001 R Hand",
    "RootNode/Bone_root01/Bone_root02/Bip001/Bip001 Pelvis/Bip001 Spine/Bip001 Spine1/Bip001 Neck/Bip001 L Clavicle/Bip001 L UpperArm/Bip001 L Forearm/Bip001 L Hand/Bip001 L Finger0",
    "RootNode/Bone_root01/Bone_root02/Bip001/Bip001 Pelvis/Bip001 Spine/Bip001 Spine1/Bip001 Neck/Bip001 L Clavicle/Bip001 L UpperArm/Bip001 L Forearm",
    "RootNode/Bone_root01/Bone_root02/Bip001/Bip001 Pelvis/Bip001 Spine/Bip001 Spine1/Bip001 Neck/Bip001 L Clavicle/Bip001 L UpperArm/Bip001 L Forearm/Bip001 L Hand",
    "RootNode/Bone_root01/Bone_root02/Bip001/Bip001 Pelvis/Bip001 Spine/Bip001 Spine1/Bip001 Neck/Bip001 L Clavicle/Bip001 L UpperArm"
  ],
  "_bindposes": [
    {
      "__type__": "cc.Mat4",
      "m00": -0.4955372214317322,
      "m01": -0.004024111200124025,
      "m02": 0.8685774207115173,
      "m03": 0,
      "m04": 0.07943225651979446,
      "m05": 0.9955889582633972,
      "m06": 0.04992992803454399,
      "m07": 0,
      "m08": -0.8649469614028931,
      "m09": 0.09373519569635391,
      "m10": -0.4930318295955658,
      "m11": 0,
      "m12": 0.883568525314331,
      "m13": -0.12320596724748611,
      "m14": 0.6676010489463806,
      "m15": 1
    },
    {
      "__type__": "cc.Mat4",
      "m00": -0.4659405052661896,
      "m01": -0.16873899102210999,
      "m02": 0.8685773015022278,
      "m03": 0,
      "m04": -0.256488561630249,
      "m05": 0.9652568101882935,
      "m06": 0.04992997646331787,
      "m07": 0,
      "m08": -0.8468253016471863,
      "m09": -0.19951575994491577,
      "m10": -0.4930318295955658,
      "m11": 0,
      "m12": 0.6565950512886047,
      "m13": 0.10111377388238907,
      "m14": 0.6676010489463806,
      "m15": 1
    },
    {
      "__type__": "cc.Mat4",
      "m00": -0.1997690498828888,
      "m01": 0.972674548625946,
      "m02": -0.11830762773752213,
      "m03": 0,
      "m04": -0.4047752618789673,
      "m05": -0.19187861680984497,
      "m06": -0.8940579891204834,
      "m07": 0,
      "m08": -0.8923280835151672,
      "m09": -0.13071711361408234,
      "m10": 0.43204596638679504,
      "m11": 0,
      "m12": 0.4217838644981384,
      "m13": 0.4524574279785156,
      "m14": -0.36663660407066345,
      "m15": 1
    },
    {
      "__type__": "cc.Mat4",
      "m00": -0.1997690498828888,
      "m01": 0.9727683663368225,
      "m02": -0.11753305792808533,
      "m03": 0,
      "m04": -0.4047752618789673,
      "m05": -0.19116663932800293,
      "m06": -0.8942103981971741,
      "m07": 0,
      "m08": -0.8923280835151672,
      "m09": -0.13106109201908112,
      "m10": 0.4319417476654053,
      "m11": 0,
      "m12": 0.5214032530784607,
      "m13": 0.45274919271469116,
      "m14": -0.36627623438835144,
      "m15": 1
    },
    {
      "__type__": "cc.Mat4",
      "m00": 0.19977018237113953,
      "m01": -0.9726739525794983,
      "m02": -0.11831007897853851,
      "m03": 0,
      "m04": -0.4047747254371643,
      "m05": -0.19188128411769867,
      "m06": 0.89405757188797,
      "m07": 0,
      "m08": -0.8923280835151672,
      "m09": -0.13071711361408234,
      "m10": -0.43204599618911743,
      "m11": 0,
      "m12": 0.42178380489349365,
      "m13": 0.4524574279785156,
      "m14": 0.3666366636753082,
      "m15": 1
    },
    {
      "__type__": "cc.Mat4",
      "m00": 0.4659412205219269,
      "m01": 0.16873638331890106,
      "m02": 0.8685775399208069,
      "m03": 0,
      "m04": -0.25648730993270874,
      "m05": 0.9652572274208069,
      "m06": -0.04992762580513954,
      "m07": 0,
      "m08": -0.8468253016471863,
      "m09": -0.19951575994491577,
      "m10": 0.4930318295955658,
      "m11": 0,
      "m12": 0.65659499168396,
      "m13": 0.10111376643180847,
      "m14": -0.6676010489463806,
      "m15": 1
    },
    {
      "__type__": "cc.Mat4",
      "m00": 0.19977018237113953,
      "m01": -0.9727677702903748,
      "m02": -0.11753550916910172,
      "m03": 0,
      "m04": -0.4047747254371643,
      "m05": -0.19116932153701782,
      "m06": 0.8942101001739502,
      "m07": 0,
      "m08": -0.8923280835151672,
      "m09": -0.13106109201908112,
      "m10": -0.43194177746772766,
      "m11": 0,
      "m12": 0.5214032530784607,
      "m13": 0.45274919271469116,
      "m14": 0.36627623438835144,
      "m15": 1
    },
    {
      "__type__": "cc.Mat4",
      "m00": 0.4955369830131531,
      "m01": 0.00402138102799654,
      "m02": 0.8685775399208069,
      "m03": 0,
      "m04": 0.0794336125254631,
      "m05": 0.9955889582633972,
      "m06": -0.049927543848752975,
      "m07": 0,
      "m08": -0.8649469614028931,
      "m09": 0.09373519569635391,
      "m10": 0.4930317997932434,
      "m11": 0,
      "m12": 0.883568525314331,
      "m13": -0.12320596724748611,
      "m14": -0.6676010489463806,
      "m15": 1
    }
  ],
  "_hash": 2050841125
}