{
  "__type__": "cc.Skeleton",
  "_name": "Skin-0",
  "_objFlags": 0,
  "_native": "",
  "_joints": [
    "RootNode/Bone_root01/Bone_root02/Bip001/Bip001 Pelvis/Bip001 Spine/Bip001 Spine1/Bip001 Neck/Bip001 L Clavicle/Bip001 L UpperArm/Bip001 L Forearm",
    "RootNode/Bone_root01/Bone_root02/Bip001/Bip001 Pelvis/Bip001 Spine/Bip001 Spine1/Bip001 Neck/Bip001 L Clavicle/Bip001 L UpperArm/Bip001 L Forearm/Bip001 L Hand",
    "RootNode/Bone_root01/Bone_root02/Bip001/Bip001 Pelvis/Bip001 Spine/Bip001 Spine1/Bip001 Neck/Bip001 L Clavicle/Bip001 L UpperArm/Bip001 L Forearm/Bip001 L Hand/Bip001 L Finger0",
    "RootNode/Bone_root01/Bone_root02/Bip001/Bip001 Pelvis/Bip001 Spine/Bip001 Spine1/Bip001 Neck/Bip001 R Clavicle/Bip001 R UpperArm/Bip001 R Forearm",
    "RootNode/Bone_root01/Bone_root02/Bip001/Bip001 Pelvis/Bip001 Spine/Bip001 Spine1/Bip001 Neck/Bip001 R Clavicle/Bip001 R UpperArm/Bip001 R Forearm/Bip001 R Hand",
    "RootNode/Bone_root01/Bone_root02/Bip001/Bip001 Pelvis/Bip001 Spine/Bip001 Spine1/Bip001 Neck/Bip001 R Clavicle/Bip001 R UpperArm/Bip001 R Forearm/Bip001 R Hand/Bip001 R Finger0"
  ],
  "_bindposes": [
    {
      "__type__": "cc.Mat4",
      "m00": 0.4659411907196045,
      "m01": 0.16873639822006226,
      "m02": 0.8685775399208069,
      "m03": 0,
      "m04": -0.2564873993396759,
      "m05": 0.9652572274208069,
      "m06": -0.04992759972810745,
      "m07": 0,
      "m08": -0.8468253016471863,
      "m09": -0.19951584935188293,
      "m10": 0.4930318295955658,
      "m11": 0,
      "m12": 0.65659499168396,
      "m13": 0.10111382603645325,
      "m14": -0.6676010489463806,
      "m15": 1
    },
    {
      "__type__": "cc.Mat4",
      "m00": 0.19977016746997833,
      "m01": -0.9727678298950195,
      "m02": -0.11753552407026291,
      "m03": 0,
      "m04": -0.40477481484413147,
      "m05": -0.19116933643817902,
      "m06": 0.8942100405693054,
      "m07": 0,
      "m08": -0.8923280239105225,
      "m09": -0.13106106221675873,
      "m10": -0.43194183707237244,
      "m11": 0,
      "m12": 0.5214032530784607,
      "m13": 0.4527491629123688,
      "m14": 0.36627626419067383,
      "m15": 1
    },
    {
      "__type__": "cc.Mat4",
      "m00": 0.19977016746997833,
      "m01": -0.9726740121841431,
      "m02": -0.11831008642911911,
      "m03": 0,
      "m04": -0.40477481484413147,
      "m05": -0.19188132882118225,
      "m06": 0.8940575122833252,
      "m07": 0,
      "m08": -0.8923280239105225,
      "m09": -0.13071708381175995,
      "m10": -0.4320460557937622,
      "m11": 0,
      "m12": 0.42178377509117126,
      "m13": 0.45245736837387085,
      "m14": 0.3666366934776306,
      "m15": 1
    },
    {
      "__type__": "cc.Mat4",
      "m00": -0.4659405052661896,
      "m01": -0.16873900592327118,
      "m02": 0.8685773015022278,
      "m03": 0,
      "m04": -0.2564886510372162,
      "m05": 0.9652568101882935,
      "m06": 0.04992995038628578,
      "m07": 0,
      "m08": -0.8468253016471863,
      "m09": -0.19951584935188293,
      "m10": -0.4930318295955658,
      "m11": 0,
      "m12": 0.65659499168396,
      "m13": 0.10111383348703384,
      "m14": 0.6676010489463806,
      "m15": 1
    },
    {
      "__type__": "cc.Mat4",
      "m00": -0.1997690349817276,
      "m01": 0.9727683663368225,
      "m02": -0.11753308773040771,
      "m03": 0,
      "m04": -0.4047752916812897,
      "m05": -0.19116666913032532,
      "m06": -0.8942103981971741,
      "m07": 0,
      "m08": -0.8923280835151672,
      "m09": -0.13106104731559753,
      "m10": 0.43194177746772766,
      "m11": 0,
      "m12": 0.5214032530784607,
      "m13": 0.452749103307724,
      "m14": -0.36627626419067383,
      "m15": 1
    },
    {
      "__type__": "cc.Mat4",
      "m00": -0.1997690349817276,
      "m01": 0.9726744890213013,
      "m02": -0.11830765753984451,
      "m03": 0,
      "m04": -0.4047752916812897,
      "m05": -0.19187866151332855,
      "m06": -0.8940579295158386,
      "m07": 0,
      "m08": -0.8923280835151672,
      "m09": -0.13071706891059875,
      "m10": 0.43204599618911743,
      "m11": 0,
      "m12": 0.42178380489349365,
      "m13": 0.45245733857154846,
      "m14": -0.3666366934776306,
      "m15": 1
    }
  ],
  "_hash": 1539565433
}