{
  "__type__": "cc.Skeleton",
  "_name": "Skin-0",
  "_objFlags": 0,
  "_native": "",
  "_joints": [
    "RootNode/Bip001/Bip001 Pelvis/Bip001 Spine/Bip001 Neck/Bip001 Head",
    "RootNode/Bip001/Bip001 Pelvis/Bip001 Spine/Bip001 Neck",
    "RootNode/Bip001/Bip001 Pelvis/Bip001 Spine/Bip001 Neck/Bip001 R Clavicle/Bip001 R UpperArm",
    "RootNode/Bip001/Bip001 Pelvis/Bip001 Spine/Bip001 Neck/Bip001 R Clavicle/Bip001 R UpperArm/Bip001 R Forearm",
    "RootNode/Bip001/Bip001 Pelvis/Bip001 Spine/Bip001 Neck/Bip001 R Clavicle",
    "RootNode/Bip001/Bip001 Pelvis/Bip001 Spine/Bip001 Neck/Bip001 R Clavicle/Bip001 R UpperArm/Bip001 R Forearm/Bip001 R Hand",
    "RootNode/Bip001/Bip001 Pelvis/Bip001 Spine",
    "RootNode/Bip001/Bip001 Pelvis",
    "RootNode/Bip001/Bip001 Pelvis/Bip001 Spine/Bip001 Neck/Bip001 L Clavicle",
    "RootNode/Bip001",
    "RootNode/Bip001/Bip001 Pelvis/Bip001 Spine/Bip001 R Thigh",
    "RootNode/Bip001/Bip001 Pelvis/Bip001 Spine/Bip001 R Thigh/Bip001 R Calf",
    "RootNode/Bip001/Bip001 Pelvis/Bip001 Spine/Bip001 L Thigh",
    "RootNode/Bip001/Bip001 Pelvis/Bip001 Spine/Bip001 R Thigh/Bip001 R Calf/Bip001 R Foot",
    "RootNode/Bip001/Bip001 Pelvis/Bip001 Spine/Bip001 Neck/Bip001 L Clavicle/Bip001 L UpperArm",
    "RootNode/Bip001/Bip001 Pelvis/Bip001 Spine/Bip001 L Thigh/Bip001 L Calf",
    "RootNode/Bip001/Bip001 Pelvis/Bip001 Spine/Bip001 L Thigh/Bip001 L Calf/Bip001 L Foot",
    "RootNode/Bip001/Bip001 Pelvis/Bip001 Spine/Bip001 Neck/Bip001 L Clavicle/Bip001 L UpperArm/Bip001 L Forearm",
    "RootNode/Bip001/Bip001 Pelvis/Bip001 Spine/Bip001 Neck/Bip001 L Clavicle/Bip001 L UpperArm/Bip001 L Forearm/Bip001 L Hand"
  ],
  "_bindposes": [
    {
      "__type__": "cc.Mat4",
      "m00": 40.77330780029297,
      "m01": -3.5671472549438477,
      "m02": -0.000003225803538953187,
      "m03": 0,
      "m04": -0.0000015965088095981628,
      "m05": -0.000055260978115256876,
      "m06": 40.929054260253906,
      "m07": 0,
      "m08": -3.5671467781066895,
      "m09": -40.77330780029297,
      "m10": -0.00005518984471564181,
      "m11": 0,
      "m12": -0.2403632253408432,
      "m13": 0.036223094910383224,
      "m14": 0.000454610213637352,
      "m15": 1
    },
    {
      "__type__": "cc.Mat4",
      "m00": 39.28389358520508,
      "m01": -11.487507820129395,
      "m02": -0.00002519356712582521,
      "m03": 0,
      "m04": 0.000009850276001088787,
      "m05": -0.000056077566114254296,
      "m06": 40.929054260253906,
      "m07": 0,
      "m08": -11.487506866455078,
      "m09": -39.283897399902344,
      "m10": -0.00005105885065859184,
      "m11": 0,
      "m12": -0.20883338153362274,
      "m13": 0.08261995017528534,
      "m14": 0.0004547388816718012,
      "m15": 1
    },
    {
      "__type__": "cc.Mat4",
      "m00": -33.527713775634766,
      "m01": 0.7984123826026917,
      "m02": -23.46151351928711,
      "m03": 0,
      "m04": -23.46590232849121,
      "m05": 0.004513953346759081,
      "m06": 33.53414535522461,
      "m07": 0,
      "m08": 0.6567456126213074,
      "m09": 40.921268463134766,
      "m10": 0.4540570378303528,
      "m11": 0,
      "m12": 0.15891213715076447,
      "m13": -0.023927658796310425,
      "m14": 0.15287519991397858,
      "m15": 1
    },
    {
      "__type__": "cc.Mat4",
      "m00": -30.54576301574707,
      "m01": -13.845621109008789,
      "m02": -23.46151351928711,
      "m03": 0,
      "m04": -21.138063430786133,
      "m05": -10.189753532409668,
      "m06": 33.534141540527344,
      "m07": 0,
      "m08": -17.1850528717041,
      "m09": 37.14371871948242,
      "m10": 0.4540574550628662,
      "m11": 0,
      "m12": 0.09360785037279129,
      "m13": 0.018581341952085495,
      "m14": 0.15287519991397858,
      "m15": 1
    },
    {
      "__type__": "cc.Mat4",
      "m00": -7.791788101196289,
      "m01": -7.473835468292236,
      "m02": -39.47932815551758,
      "m03": 0,
      "m04": -40.15446853637695,
      "m05": -0.00005512006828212179,
      "m06": 7.925045490264893,
      "m07": 0,
      "m08": -1.447203278541565,
      "m09": 40.24089050292969,
      "m10": -7.332380771636963,
      "m11": 0,
      "m12": 0.0368543416261673,
      "m13": 0.02051139622926712,
      "m14": 0.22067870199680328,
      "m15": 1
    },
    {
      "__type__": "cc.Mat4",
      "m00": -30.54576301574707,
      "m01": -23.472530364990234,
      "m02": 13.826934814453125,
      "m03": 0,
      "m04": -21.138063430786133,
      "m05": 33.52601623535156,
      "m06": 10.216451644897461,
      "m07": 0,
      "m08": -17.1850528717041,
      "m09": 0.4836333096027374,
      "m10": -37.14333724975586,
      "m11": 0,
      "m12": 0.04261763021349907,
      "m13": 0.15288995206356049,
      "m14": -0.01845960132777691,
      "m15": 1
    },
    {
      "__type__": "cc.Mat4",
      "m00": 40.246829986572266,
      "m01": 7.4417877197265625,
      "m02": 0.000027308733479003422,
      "m03": 0,
      "m04": -0.000017084332284866832,
      "m05": -0.00005779935236205347,
      "m06": 40.929054260253906,
      "m07": 0,
      "m08": 7.441786766052246,
      "m09": -40.24683380126953,
      "m10": -0.00005372962186811492,
      "m11": 0,
      "m12": -0.15620990097522736,
      "m13": -0.020333293825387955,
      "m14": 0.00045445337309502065,
      "m15": 1
    },
    {
      "__type__": "cc.Mat4",
      "m00": 40.929054260253906,
      "m01": -1.381396802502266e-10,
      "m02": -0.00005009222149965353,
      "m03": 0,
      "m04": 0.000050092217861674726,
      "m05": 0.00011465941497590393,
      "m06": 40.929054260253906,
      "m07": 0,
      "m08": 2.1896004974431005e-12,
      "m09": -40.929054260253906,
      "m10": 0.00011465941497590393,
      "m11": 0,
      "m12": -0.1334422528743744,
      "m13": 0.008355172351002693,
      "m14": 0.0004546832060441375,
      "m15": 1
    },
    {
      "__type__": "cc.Mat4",
      "m00": -6.987752914428711,
      "m01": -7.473835468292236,
      "m02": 39.62954330444336,
      "m03": 0,
      "m04": 40.307254791259766,
      "m05": -0.000056203971325885504,
      "m06": 7.107240676879883,
      "m07": 0,
      "m08": -1.2977607250213623,
      "m09": 40.24089050292969,
      "m10": 7.360300540924072,
      "m11": 0,
      "m12": 0.03325667232275009,
      "m13": 0.020511390641331673,
      "m14": -0.2212243378162384,
      "m15": 1
    },
    {
      "__type__": "cc.Mat4",
      "m00": 1.0925004824413609e-11,
      "m01": 0.00000666818959871307,
      "m02": 40.929054260253906,
      "m03": 0,
      "m04": 0.00005789898568764329,
      "m05": 40.929054260253906,
      "m06": -0.000006668189143965719,
      "m07": 0,
      "m08": -40.929054260253906,
      "m09": 0.00005789898568764329,
      "m10": 1.4920622246408777e-12,
      "m11": 0,
      "m12": 0.008355171419680119,
      "m13": 0.0004545097181107849,
      "m14": -0.1334422528743744,
      "m15": 1
    },
    {
      "__type__": "cc.Mat4",
      "m00": -40.65774917602539,
      "m01": -3.4068264961242676,
      "m02": 3.24475359916687,
      "m03": 0,
      "m04": -3.2309887409210205,
      "m05": -0.29997023940086365,
      "m06": -40.80022430419922,
      "m07": 0,
      "m08": 3.4198837280273438,
      "m09": -40.78591537475586,
      "m10": 0.029042869806289673,
      "m11": 0,
      "m12": 0.13025784492492676,
      "m13": 0.01928458921611309,
      "m14": -0.03081110119819641,
      "m15": 1
    },
    {
      "__type__": "cc.Mat4",
      "m00": -40.64631271362305,
      "m01": -3.540724039077759,
      "m02": 3.244753837585449,
      "m03": 0,
      "m04": -3.229983329772949,
      "m05": -0.31061142683029175,
      "m06": -40.80022430419922,
      "m07": 0,
      "m08": 3.554203987121582,
      "m09": -40.77443313598633,
      "m10": 0.029043609276413918,
      "m11": 0,
      "m12": 0.06739384680986404,
      "m13": 0.019506674259901047,
      "m14": -0.03081110492348671,
      "m15": 1
    },
    {
      "__type__": "cc.Mat4",
      "m00": -40.53007888793945,
      "m01": -3.3871917724609375,