{
  "__type__": "cc.Skeleton",
  "_name": "Skin-0",
  "_objFlags": 0,
  "_native": "",
  "_joints": [
    "RootNode/Bone_root01/Bone_root02/Bip001/Bip001 Pelvis/Bip001 Spine",
    "RootNode/Bone_root01/Bone_root02/Bip001/Bip001 Pelvis/Bip001 Spine/Bip001 Spine1",
    "RootNode/Bone_root01/Bone_root02/Bip001/Bip001 Pelvis",
    "RootNode/Bone_root01/Bone_root02/Bip001/Bip001 Pelvis/Bip001 Spine/Bip001 Spine1/Bip001 Neck/Bip001 L Clavicle/Bip001 L UpperArm",
    "RootNode/Bone_root01/Bone_root02/Bip001/Bip001 Pelvis/Bip001 Spine/Bip001 Spine1/Bip001 Neck/Bip001 R Clavicle/Bip001 R UpperArm",
    "RootNode/Bone_root01/Bone_root02/Bip001/Bip001 Pelvis/Bip001 Spine/Bip001 Spine1/Bip001 Neck/Bip001 L Clavicle",
    "RootNode/Bone_root01/Bone_root02/Bip001/Bip001 Xtra01",
    "RootNode/Bone_root01/Bone_root02/Bip001/Bip001 Pelvis/Bip001 Spine/Bip001 Spine1/Bip001 Neck/Bip001 L Clavicle/Bip001 L UpperArm/Bip001 L Forearm",
    "RootNode/Bone_root01/Bone_root02/Bip001/Bip001 Pelvis/Bip001 Spine/Bip001 Spine1/Bip001 Neck/Bip001 Head",
    "RootNode/Bone_root01/Bone_root02/Bip001/Bip001 Pelvis/Bip001 Spine/Bip001 Spine1/Bip001 Neck",
    "RootNode/Bone_root01/Bone_root02/Bip001/Bip001 Pelvis/Bip001 Spine/Bip001 Spine1/Bip001 Neck/Bip001 R Clavicle",
    "RootNode/Bone_root01/Bone_root02/Bip001/Bip001 Pelvis/Bip001 Spine/Bip001 L Thigh",
    "RootNode/Bone_root01/Bone_root02/Bip001/Bip001 Pelvis/Bip001 Spine/Bip001 R Thigh",
    "RootNode/Bone_root01/Bone_root02/Bip001/Bip001 Pelvis/Bip001 Spine/Bip001 Spine1/Bip001 Neck/Bip001 R Clavicle/Bip001 R UpperArm/Bip001 R Forearm",
    "RootNode/Bone_root01/Bone_root02/Bip001/Bip001 Pelvis/Bip001 Spine/Bip001 Tail/Bip001 Tail1/Bip001 Tail2",
    "RootNode/Bone_root01/Bone_root02/Bip001/Bip001 Pelvis/Bip001 Spine/Bip001 Tail/Bip001 Tail1/Bip001 Tail2/Bip001 Tail3",
    "RootNode/Bone_root01/Bone_root02/Bip001/Bip001 Pelvis/Bip001 Spine/Bip001 Tail",
    "RootNode/Bone_root01/Bone_root02/Bip001/Bip001 Pelvis/Bip001 Spine/Bip001 Tail/Bip001 Tail1"
  ],
  "_bindposes": [
    {
      "__type__": "cc.Mat4",
      "m00": 6.123233601181349e-17,
      "m01": -0.0000014026924191057333,
      "m02": 1,
      "m03": 0,
      "m04": 6.123233601181349e-17,
      "m05": -1,
      "m06": -0.0000014026924191057333,
      "m07": 0,
      "m08": 1,
      "m09": 6.12324286560421e-17,
      "m10": -6.123225660247469e-17,
      "m11": 0,
      "m12": -0.7242138385772705,
      "m13": 0.00013746203330811113,
      "m14": 3.813076798753201e-10,
      "m15": 1
    },
    {
      "__type__": "cc.Mat4",
      "m00": -1.2453720898975007e-7,
      "m01": -0.000001408362095389748,
      "m02": 1,
      "m03": 0,
      "m04": 0.09084289520978928,
      "m05": -0.9958652257919312,
      "m06": -0.0000013912255099057802,
      "m07": 0,
      "m08": 0.9958652257919312,
      "m09": 0.09084290266036987,
      "m10": 2.519619783925009e-7,
      "m11": 0,
      "m12": -0.8931761980056763,
      "m13": -0.081263966858387,
      "m14": -2.2539379074260069e-7,
      "m15": 1
    },
    {
      "__type__": "cc.Mat4",
      "m00": 6.123234262925839e-17,
      "m01": 0.0000027577068522077752,
      "m02": 1,
      "m03": 0,
      "m04": 6.123234262925839e-17,
      "m05": -1,
      "m06": 0.0000027577068522077752,
      "m07": 0,
      "m08": 1,
      "m09": 6.123217719313588e-17,
      "m10": -6.12325146828258e-17,
      "m11": 0,
      "m12": -0.5989178419113159,
      "m13": 2.648342933841974e-10,
      "m14": -6.936622267421811e-16,
      "m15": 1
    },
    {
      "__type__": "cc.Mat4",
      "m00": 0.4955369830131531,
      "m01": 0.00402138801291585,
      "m02": 0.8685775399208069,
      "m03": 0,
      "m04": 0.0794336125254631,
      "m05": 0.9955891370773315,
      "m06": -0.049927547574043274,
      "m07": 0,
      "m08": -0.8649469614028931,
      "m09": 0.09373520314693451,
      "m10": 0.4930317997932434,
      "m11": 0,
      "m12": 0.883568525314331,
      "m13": -0.1232059895992279,
      "m14": -0.6676010489463806,
      "m15": 1
    },
    {
      "__type__": "cc.Mat4",
      "m00": -0.4955372214317322,
      "m01": -0.004024118185043335,
      "m02": 0.8685774207115173,
      "m03": 0,
      "m04": 0.07943225651979446,
      "m05": 0.995589017868042,
      "m06": 0.04992993175983429,
      "m07": 0,
      "m08": -0.8649469614028931,
      "m09": 0.09373520314693451,
      "m10": -0.4930318295955658,
      "m11": 0,
      "m12": 0.883568525314331,
      "m13": -0.1232059895992279,
      "m14": 0.6676010489463806,
      "m15": 1
    },
    {
      "__type__": "cc.Mat4",
      "m00": 0.8943962454795837,
      "m01": -0.0000013852292113369913,
      "m02": 0.44727542996406555,
      "m03": 0,
      "m04": -0.04098524898290634,
      "m05": 0.99579256772995,
      "m06": 0.08195941895246506,
      "m07": 0,
      "m08": -0.4453936815261841,
      "m09": -0.09163589030504227,
      "m10": 0.8906331658363342,
      "m11": 0,
      "m12": 0.492664635181427,
      "m13": 0.08218688517808914,
      "m14": -1.049407720565796,
      "m15": 1
    },
    {
      "__type__": "cc.Mat4",
      "m00": 0.9325723052024841,
      "m01": -0.0007414949359372258,
      "m02": -0.3609827756881714,
      "m03": 0,
      "m04": -0.36098265647888184,
      "m05": 0.00028994044987484813,
      "m06": -0.932572603225708,
      "m07": 0,
      "m08": 0.0007961614173837006,
      "m09": 0.9999995827674866,
      "m10": 0.000002723630359469098,
      "m11": 0,
      "m12": -0.21356667578220367,
      "m13": -0.6220939755439758,
      "m14": -0.013519756495952606,
      "m15": 1
    },
    {
      "__type__": "cc.Mat4",
      "m00": 0.4659411907196045,
      "m01": 0.16873639822006226,
      "m02": 0.8685775399208069,
      "m03": 0,
      "m04": -0.2564873993396759,
      "m05": 0.9652572274208069,
      "m06": -0.04992759972810745,
      "m07": 0,
      "m08": -0.8468253016471863,
      "m09": -0.19951584935188293,
      "m10": 0.4930318295955658,
      "m11": 0,
      "m12": 0.65659499168396,
      "m13": 0.10111382603645325,
      "m14": -0.6676010489463806,
      "m15": 1
    },
    {
      "__type__": "cc.Mat4",
      "m00": 6.123234262925839e-17,
      "m01": -0.000001402693328600435,
      "m02": 1,
      "m03": 0,
      "m04": 6.123234262925839e-17,
      "m05": -1,
      "m06": -0.000001402693328600435,
      "m07": 0,
      "m08": 1,
      "m09": 6.12324286560421e-17,
      "m10": -6.123225660247469e-17,
      "m11": 0,
      "m12": -1.257301926612854,
      "m13": 0.026148954406380653,
      "m14": 7.252682365788132e-8,
      "m15": 1
    },
    {
      "__type__": "cc.Mat4",
      "m00": -2.453429637228055e-8,
      "m01": -0.0000014029127441972378,
      "m02": 1,
      "m03": 0,
      "m04": 0.01789635419845581,
      "m05": -0.9998399019241333,
      "m06": -0.000001402249040438619,
      "m07": 0,
      "m08": 0.9998398423194885,
      "m09": 0.01789635606110096,
      "m10": 4.96373928626781e-8,
      "m11": 0,
      "m12": -1.1618480682373047,
      "m13": 0.00364364474080503,
      "m14": 1.0106012915400697e-8,
      "m15": 1
    },
    {
      "__type__": "cc.Mat4",
      "m00": -0.894396185874939,
      "m01": -0.0000013436798553811968,
      "m02": 0.44727563858032227,
      "m03": 0,
      "m04": -0.04098770394921303,
      "m05": 0.99579256772995,
      "m06": -0.08195819705724716,
      "m07": 0,
      "m08": -0.4453936815261841,
      "m09": -0.09163590520620346,
      "m10": -0.8906331658363342,
      "m11": 0,
      "m12": 0.492664635181427,
      "m13": 0.08218688517808914,
      "m14": 1.049407720565796,
      "m15": 1
    },
    {
      "__type__": "cc.Mat4",
      "m00": 0.12344592064619064,
      "m01": 0.09307830780744553,
      "m02": -0.9879764914512634,
      "m03": 0,
      "m04": -0.0645860806107521,
      "m05": -0.9927271008491516,
      "m06": -0.10159577429294586,
      "m07": 0,
      "m08": -0.9902472496032715,
      "m09": 0.07635112851858139,
      "m10": -0.11653655022382736,
      "m11": 0,